{"name":"9fda725c-cf2a-4b2b-abf5-2e21c8c5fc38","id":"/providers/Microsoft.Flow/flows/9fda725c-cf2a-4b2b-abf5-2e21c8c5fc38","type":"Microsoft.Flow/flows","properties":{"apiId":"/providers/Microsoft.PowerApps/apis/shared_logicflows","displayName":"Subject Analysis","definition":{"metadata":{"workflowEntityId":null,"flowclientsuspensionreason":"None","flowclientsuspensiontime":null,"creator":{"id":"71fd7fca-f87e-44b7-81b4-e5acfa314f79","type":"User","tenantId":"79f8134f-8056-4569-b5de-5bd62a6e0008"},"provisioningMethod":"FromDefinition","failureAlertSubscription":true,"clientLastModifiedTime":"2021-02-22T20:28:24.2308826Z"},"$schema":"https://schema.management.azure.com/providers/Microsoft.Logic/schemas/2016-06-01/workflowdefinition.json#","contentVersion":"1.0.0.0","parameters":{"$connections":{"defaultValue":{},"type":"Object"},"$authentication":{"defaultValue":{},"type":"SecureObject"}},"triggers":{"manual":{"type":"Request","kind":"PowerApp","inputs":{"schema":{"type":"object","properties":{"Searchtweets_Searchtext":{"type":"string","description":"Search term like \"happy hour\", #haiku, from:@username, love OR hate.","x-ms-powerflows-param-ispartial":false},"Searchtweets_Maximumresults":{"type":"integer","format":"int32","description":"Maximum number of tweets to return.","x-ms-powerflows-param-ispartial":false}},"required":["Searchtweets_Searchtext","Searchtweets_Maximumresults"]}}}},"actions":{"Search_tweets":{"runAfter":{"Init_Locations_Array":["Succeeded"]},"type":"OpenApiConnection","inputs":{"host":{"apiId":"/providers/Microsoft.PowerApps/apis/shared_twitter","connectionName":"shared_twitter","operationId":"SearchTweet"},"parameters":{"searchQuery":"@triggerBody()['Searchtweets_Searchtext']","maxResults":"@triggerBody()['Searchtweets_Maximumresults']"},"authentication":{"value":"@json(decodeBase64(triggerOutputs().headers['X-MS-APIM-Tokens']))['$ConnectionKey']","type":"Raw"}}},"Init_Sentiment_Total":{"runAfter":{},"type":"InitializeVariable","inputs":{"variables":[{"name":"fltSenTotal","type":"float","value":0}]}},"Iterate_Tweets":{"foreach":"@outputs('Search_tweets')?['body']","actions":{"Sentiment_Analysis":{"runAfter":{},"type":"OpenApiConnection","inputs":{"host":{"apiId":"/providers/Microsoft.PowerApps/apis/shared_cognitiveservicestextanalytics","connectionName":"shared_cognitiveservicestextanalytics","operationId":"SentimentV3"},"parameters":{"input/documents":[{"id":"@items('Iterate_Tweets')?['TweetId']","text":"@items('Iterate_Tweets')?['TweetText']"}]},"authentication":{"value":"@json(decodeBase64(triggerOutputs().headers['X-MS-APIM-Tokens']))['$ConnectionKey']","type":"Raw"}}},"Add_Sentiment_Score":{"runAfter":{"Sentiment_Analysis":["Succeeded"]},"type":"AppendToArrayVariable","inputs":{"name":"arrSentiments","value":"@sub(outputs('Sentiment_Analysis')?['body/documents'][0]?['confidenceScores/positive'], outputs('Sentiment_Analysis')?['body/documents'][0]?['confidenceScores/negative'])"}},"Detect_Entities":{"runAfter":{"Add_Sentiment_Score":["Succeeded"]},"type":"OpenApiConnection","inputs":{"host":{"apiId":"/providers/Microsoft.PowerApps/apis/shared_cognitiveservicestextanalytics","connectionName":"shared_cognitiveservicestextanalytics","operationId":"DetectEntitiesV2"},"parameters":{"input/documents":[{"id":"@items('Iterate_Tweets')?['TweetId']","text":"@items('Iterate_Tweets')?['TweetText']"}]},"authentication":{"value":"@json(decodeBase64(triggerOutputs().headers['X-MS-APIM-Tokens']))['$ConnectionKey']","type":"Raw"}}},"Iterate_Entities":{"foreach":"@outputs('Detect_Entities')?['body/documents'][0]?['entities']","actions":{"Switch_Entity_Types":{"runAfter":{},"cases":{"Case:Persons":{"case":"Person","actions":{"Add_to_Persons_Array":{"runAfter":{},"type":"AppendToArrayVariable","inputs":{"name":"arrPersons","value":"@items('Iterate_Entities')?['name']"}}}},"Case:Organizations":{"case":"Organization","actions":{"Add_to_Organizations_Array":{"runAfter":{},"type":"AppendToArrayVariable","inputs":{"name":"arrOrgs","value":"@items('Iterate_Entities')?['name']"}}}},"Case:Locations":{"case":"Location","actions":{"Add_to_Locations_Array":{"runAfter":{},"type":"AppendToArrayVariable","inputs":{"name":"arrLocations","value":"@items('Iterate_Entities')?['name']"}}}}},"default":{"actions":{}},"expression":"@items('Iterate_Entities')?['type']","type":"Switch"}},"runAfter":{"Detect_Entities":["Succeeded"]},"type":"Foreach","runtimeConfiguration":{"concurrency":{"repetitions":50}}}},"runAfter":{"Search_tweets":["Succeeded"]},"type":"Foreach","description":"Collect Tweets and aggregate data by entities and sentiment","runtimeConfiguration":{"concurrency":{"repetitions":50}}},"Init_Sentiments_Array":{"runAfter":{"Init_Sentiment_Total":["Succeeded"]},"type":"InitializeVariable","inputs":{"variables":[{"name":"arrSentiments","type":"array"}]}},"Init_Persons_Array":{"runAfter":{"Init_Sentiments_Array":["Succeeded"]},"type":"InitializeVariable","inputs":{"variables":[{"name":"arrPersons","type":"array"}]}},"Init_Organizations_Array":{"runAfter":{"Init_Persons_Array":["Succeeded"]},"type":"InitializeVariable","inputs":{"variables":[{"name":"arrOrgs","type":"array"}]}},"Init_Locations_Array":{"runAfter":{"Init_Organizations_Array":["Succeeded"]},"type":"InitializeVariable","inputs":{"variables":[{"name":"arrLocations","type":"array"}]}},"Calculate_Sentiment":{"foreach":"@variables('arrSentiments')","actions":{"Add_to_fltSenTotal":{"runAfter":{},"type":"IncrementVariable","inputs":{"name":"fltSenTotal","value":"@items('Calculate_Sentiment')"}}},"runAfter":{"Iterate_Tweets":["Succeeded"]},"type":"Foreach","runtimeConfiguration":{"concurrency":{"repetitions":1}}},"Return_Sentiment":{"runAfter":{"Calculate_Sentiment":["Succeeded"]},"type":"Response","kind":"PowerApp","inputs":{"statusCode":200,"body":{"overall_sentiment":"@div(variables('fltSenTotal'), length(variables('arrSentiments')))","organizations":"@{join(variables('arrOrgs'), ',')}","persons":"@{join(variables('arrPersons'), ',')}","locations":"@{join(variables('arrLocations'), ',')}"},"schema":{"type":"object","properties":{"overall_sentiment":{"title":"Overall Sentiment","x-ms-dynamically-added":true,"type":"number"},"organizations":{"title":"Organizations","x-ms-dynamically-added":true,"type":"string"},"persons":{"title":"Persons","x-ms-dynamically-added":true,"type":"string"},"locations":{"title":"Locations","x-ms-dynamically-added":true,"type":"string"}}}}}}},"connectionReferences":{"shared_twitter":{"connectionName":"shared-twitter-9caf9906-4b6f-4294-b42a-1c88-421fa1bd","source":"Invoker","id":"/providers/Microsoft.PowerApps/apis/shared_twitter","tier":"NotSpecified"},"shared_cognitiveservicestextanalytics":{"connectionName":"shared-cognitiveserv-9c27e175-f6ed-4a04-8e64-d076-0b71d8f4","source":"Invoker","id":"/providers/Microsoft.PowerApps/apis/shared_cognitiveservicestextanalytics","tier":"NotSpecified"}},"flowFailureAlertSubscribed":false}}